day after 1/Nov/2023,myr_usd
0,0.210084021
1,0.209687561
2,0.210570648
3,0.210570648
4,0.210570648
5,0.211595431
6,0.215842873
7,0.215842873
8,0.213615865
9,0.213219613
10,0.212472111